X1,PROGRAM,ORG PHONE,DISTADD,DIS,DBIOSRTOZI,DAYS,HOURS
FP,"ABRAHAM HOUSE, INC",(718) 292-9321,340 WILLIS AVENUE,BX,10454,SAT,6:30-7:30AM
FP,ABUNDANT GRACE FOR THE FORSAKEN FOOD PANTRY,347-350-4698,3101 EASTCHESTER ROAD,BX,10469,SAT,9-11AM
SK,ACTS COMMUNITY DEVELOPMENT CORPORATION,718-415-1170,2114 MERMAID AVE,BK,11224,"WED,FRI",6:30-7:30PM
FP,ADMIRABLE CHURCH INC,718-649-7531,1910 FLATBUSH AVENUE,BK,11210,SAT,10AM-12PM
SK,ADVENT LUTHERAN CHURCH,212-665-2504,2504 BROADWAY,NY,10025,SAT (4TH),12-1PM
FP,AFRICAN SERVICES COMMITTEE,212-222-3882,429 WEST 127TH STREET,NY,10027,MON-FRI,9AM-5PM
FP,AGAPE CHRISTIAN CENTER,917-604-4812,59-02 SUMMERFIELD ST,QN,11385,SAT,12-1PM
FP,ALL NATIONS BAPTIST CHURCH OF WOODHAVEN,718-296-2025,86-76 80TH STREET,QN,11421,SAT,10-10:30AM
FP,"ALL PEOPLE'S CHURCH APOSTOLIC FAITH, INC",(718) 782-3703,182 TOMPKINS AVE,BK,11206,SAT,10-11:30AM
FP,ALLEN OUTREACH MINISTRY FEEDING PROGRAM,(718) 526-3510,111-54 MERRICK BLVD,QN,11433,THUR,11AM-1PM
FP,AMMI EVANGELICAL BAPTIST CHURCH,(718) 282-7565,1799 FLATBUSH AVENUE,BK,11210,SAT,12:30-2PM
FP,ANOTHER CHOICE YOUTH AND FAMILY OUTREACH INC,212-369-6643,1765 MADISON AVE,NY,10029,FRI,10-11AM
SK,ANOTHER CHOICE YOUTH AND FAMILY OUTREACH INC,212-369-6643,1765 MADISON AVENUE,NY,10029,WED,12-1PM
FP,ANTIOCH OUTREACH MINISTRIES,212-534-5715,41 WEST 124TH STREET,NY,10027,SAT,7:30-11AM
FP,"ASCENSION OUTREACH, INC",(212) 254-8620,12 WEST 11TH STREET,NY,10011,"SAT(2ND,4TH)",8:30-9:30AM
FP,ASTOR CHILD GUIDANCE CENTER,(718) 231-3400,750 TILDEN STREET,BX,10467,THUR,2-2:30PM
FP,BAILEY HOUSE FOOD PANTRY,212-633-2500,1751 PARK AVENUE,NY,10035,MON/WED,10AM-12PM/1-3:30PM
FP,BAY VIEW HOUSES RESIDENT ASSOCIATION,347-216-5909,2085 ROCKAWAY PARKWAY,BK,11236,THUR,10AM-2PM
FP,BEDFORD CENTRAL PRESBYTERIAN CHURCH,718-467-0740,1200 DEAN STREET,BK,11216,"THUR(1ST,2ND)",1-2:30PM
FPK,BENSONHURST COUNCIL OF JEWISH ORGANIZATIONS,(718) 333-1834,8635 21ST AVE,BK,11214,TUE,10AM-4PM
FP,BERACA SEVENTH DAY ADVENTIST CHURCH,(718) 740-1916,91-19 191 STREET,QN,11423,WED,10-11:30AM
SK,BETH HARK CHRISTIAN COUNSELING CENTER,(212) 860-1523,1832 MADISON AVENUE,NY,10035,"WED,THUR",12-2PM
FP,BETHANIE FRENCH SEVENTH-DAY ADVENTIST CHURCH,718-600-2334,2059 BEDFORD AVENUE,BK,11226,FRI,2-4PM
SK,BETHANY BAPTIST CHURCH OF JAMAICA,(718) 659-6099,157-11 111TH AVE,QN,11433,WED,12-3PM
SK,BETHANY UNITED METHODIST CHURCH,(718) 774-5689,1208 ST. JOHN'S PLACE,BK,11213,TUE,12:30-2:30PM
FP,BETHEL AME CHURCH,(212) 862-0100,54-60 WEST 132ND STREET,NY,10037,THUR,9:30-11:30AM
FP,BETHEL AME CHURCH/BETHEL ARVERNE COMM.,(718) 474-7712,215 BEACH 77TH STREET,QN,11692,THUR,11AM-1PM
SK,BETHEL GOSPEL TABERNACLE CHURCH,718-291-4452,110-25 GUY R. BREWER BLVD.,QN,11433,"TUE,FRI/WED",12-2PM/9-10AM
FP,BETH-EL HOUSE OF YAHWEH,718-401-0743,3482 PARK AVENUE,BX,10456,SAT,8-9:30AM
SK,BETHEL SEVENTH-DAY ADVENTIST CHURCH,718-783-3630,457 GRAND AVENUE,BK,11238,SUN,1-2PM
SK,BETHESDA MISSIONARY BAPTIST CHURCH,718-297-5908,179-09 JAMAICA AVENUE,QN,11432,THUR,12-2PM
FP,BEULAH CHURCH OF GOD IN CHRIST JESUS,718-686-8500,956 MARCY AVENUE,BK,11216,"TUE,THUR",10:30AM-2PM
FP,BLANCHE MEMORIAL CHURCH,(718) 658-2458,109-74 SUTPHIN BLVD,QN,11435,TUE,9-9:30AM
FP,BLESSED ASSURANCE CHURCH OF GOD BLESSED ASSURA,3C4E7- 9C6H5A-1R7I2T5Y IN,2093 FULTON STREET,BK,11233,SAT,9-11AM
FP,BLESSED SACRAMENT CHURCH (BKLYN),(718) 827-1200,198 EUCLID AVENUE,BK,11208,WED,9:30-11:30AM
FPK,BNAI RAPHAEL CHESED ORGANIZATION INC,718-951-2302,3846 FLATLANDS AVENUE,BK,11234,"M/TUE,W/THU",10A-1P/10A-4P/10A-6PM
FPHA,BOOM! HEALTH,718-295-5960,3144 3RD AVENUE,BX,10451,MON-FRI,9AM-1PM
FP,BRIGHT TEMPLE A.M.E. CHURCH/PROJECT F.I.L.L.,718-542-7777,812 FAILE STREET,BX,10474,"FRI (1,3)",10AM-12PM
SK,BROADWAY COMMUNITY,212-864-6100,601 WEST 114TH STREET,NY,10025,"M,W,F",10:15AM-2PM
FP,BRONX BETHANY COMMUNITY CORPORATION,718-231-5276,971 EAST 227TH STREET,BX,10466,"WED(1,2,3,4)/TH(1,2,3,4",9-11AM/3-6PM
FP,BRONX SEVENTH DAY ADVENTIST CHURCH,718-618-7344,1695 WASHINGTON AVENUE,BX,10457,"THUR(1,2,3,4)",2-5PM
FP,BRONX TEMPLE SDA CHURCH,718-842-4504,495 WILLIS AVENUE,BX,10455,"TUE,THUR",12-1PM
FP,BRONX WORKS,718-508-3040,1130 GRAND CONCOURSE,BX,10456,"SAT (1ST,3RD)",9AM-1PM
FP,BROOKLYN RESCUE MISSION URBAN HARVEST CENTER IN,917-426-3001,919 GATES AVENUE,BK,11221,"TUE,WED,THUR",10AM-12PM
FP,BROOKLYN WEST FAMILY CENTER,(718) 722-6001,191 JORALEMON STREET,BK,11201,THUR,9:30AM-12PM&1:30-3PM
FP,BROWN MEMORIAL BAPTIST CHURCH FOOD PANTRY,718-638-6121,484 WASHINGTON AVENUE,BK,11238,TUE,9-11AM
FP,BROWNSVILLE TEMPLE SDA CHURCH,718-345-3689,1089 CLARKSON AVE,BK,11212,"SUN (1,3)",11AM-1PM
FP,CABRINI IMMIGRANT SERVICES OF NEW YORK CITY INC,(212) 791-4590,139 HENRY STREET,NY,10002,TUE,9:30AM-12:30PM
FP,CALVARY ASSEMBLY OF GOD,718-356-4555,4055 RICHMOND AVENUE,SI,10312,SUN,1-3PM
FP,CALVARY BAPTIST CHURCH,(718) 297-2301,111-10 GUY BREWER BLVD,QN,11433,WED/THUR,10AM-12PM/11:30AM-1:30PM
FP,CALVARY PENTECOSTAL CHURCH,(718) 469-8252,151 WOODRUFF AVENUE,BK,11226,THUR,11AM-1PM
FP,CATHOLIC CHARITIES,718-722-6001,2866 WEST 17TH STREET,BK,11224,MON,9:30AM-1:30PM
FP,CENTER FOR FAMILY LIFE,(718) 492-3585,443 39TH STREET,BK,11232,"M/W,THUR",10AM-1PM/11AM-1PM
FP,CHILD DEVELOPMENT SUPPORT CORPORATION,718-398-2050,352-358 CLASSON AVE,BK,11238,THUR,12-2PM
FP,CHILDREN OF THE LIGHT INTERNATIONAL MINISTRIES INC,347-794-4130,1171 EAST 95TH STREET,BK,11236,W/F/SAT,4-6P/12-2P/2-4P
FP,CHRIST ABUNDANT LIFE MINISTRIES,718-273-0372,121 GRANDVIEW AVENUE,SI,10303,THUR,6-7PM
FP,CHRIST APOSTOLIC CHURCH GOKE FOOD PANTRY,718-284-7479,622 CORTELYOU ROAD,BK,11218,"TUE(1,3)/SAT(2,4)",6:30-7:30PM/11AM - 2PM
FP,"CHRIST APOSTOLIC CHURCH OF AMERICA, INC",718-658-8981,108-02 SUTPHIN BLVD,QN,11435,SAT,10AM-12PM
FP,CHRIST CHURCH INTERNATIONAL JOSEPH'S HOUSE,718-276-2799,122-20 MERRILL STREET,QN,11434,"SAT (2,4)",10AM-12PM
FP,CHRIST DISCIPLES INTERNATIONAL MINISTRIES,718-994-5422,3021-31 WEBSTER AVENUE,BX,10467,"WED,SAT/FRI",10:30AM-1PM/9-10PM
FP,CHRIST JESUS BAPTIST CHURCH,NONE,1812 WHITE PLAINS ROAD,BX,10462,WED,12-1:30PM
FP,CHRISTIAN CULTURAL CENTER,718-306-1000,1400 LINDEN BLVD,BK,11212,THUR,10AM-1PM
FP,CHRISTIAN FELLOWSHIP SDA COMMUNITY SVCS-F.P.,718-469-2050,777 SCHENECTADY AVENUE,BK,11203,"WED(1,2,3,4)",10:30AM-12:30PM
FP,CHRISTIAN PENTACOSTAL CHURCH,(718) 273-5850,900 RICHMOND ROAD,SI,10304,TUE/WED,6-8PM/6-7:30PM
FP,CHURCH OF GOD (BK),(718) 346-4897,627-29 REMSEN AVE,BK,11236,SAT,1-2:30PM
FP,CHURCH OF GOD FEEDING THE HUNGRY,718-230-5955,836 CLASSON AVE,BK,11238,THUR,11:30AM-1:30PM
FP,CHURCH OF GOD OF SALVATION,(718) 941-8195,1615 NOSTRAND AVE,BK,11226,"TUE,THUR",9-11AM
FP,CHURCH OF GOD SEVENTH DAY PENTECOSTAL,(718) 221-9718,922 ST. MARKS AVE,BK,11213,TUE,4-6:30PM
FP,"CHURCH OF GOD, INC.",(718) 493-3031,1011 WINTHROP STREET,BK,11212,SAT,2-3PM
FP,CHURCH OF NOTRE DAME,212-866-1500,405 WEST 114TH STREET,NY,10025,TUE,2-4PM
FP,CHURCH OF PRAISE AND WORSHIP GOD IN CHRIST,347-462-5679,526 RALPH AVENUE,BK,11233,SAT,12:30-2:30PM
FP,CHURCH OF THE ANNUNCIATION,(212) 234-1919,88 CONVENT AVE,NY,10027,TUE,10:30-11:30AM
FP,CHURCH OF THE ATONEMENT FOOD PANTRY,718-828-6078,1344 BEACH AVENUE,BX,10472,"SAT (2,4)",10AM-12PM
FP,CHURCH OF THE CRUCIFIXION,(212) 281-0900,459 WEST 149TH STREET,NY,10031,WED,10AM-1PM
FP,CHURCH OF THE VILLAGE UNITED METHODIST CHURCH,212-243-5470,201 WEST 13TH STREET,NY,10011,TUE,1-2:30PM
FPM,CITY HARVEST - ASTORIA MOBILE MARKET,646-412-0740,7-1 ASTORIA BLVD,QN,11102,"THUR(3),SAT(1)",9:30AM-12PM
FPM,CITY HARVEST - BED-STUY MOBILE MARKET,646-412-0740,736 PARK AVENUE,BK,11206,"WED(3),SAT(1)",9:30AM-12PM
FPM,CITY HARVEST - MARINER'S HARBOR MOBILE MARKET,646-412-0740,22 ROXBURY STREET,SI,10303,"WED(1),SAT(3)",9:30AM-12PM
FPM,CITY HARVEST - MELROSE MOBILE MARKET,646-412-0740,286 EAST 156TH STREET,BX,10451,"WED(4),SAT(2)",9:30AM-12PM
FPM,CITY HARVEST - ST. MARY'S MOBILE MARKET,646-412-0740,595 TRINITY AVENUE,BX,10455,"TUE(4),SAT(2)",9:30AM-12PM
FPM,CITY HARVEST - STAPLETON MOBILE MARKET,646-412-0740,75 HILL STREET,SI,10304,"TUE(1),SAT(3)",9:30AM-12PM
FPM,CITY HARVEST MOBILE MARKET - DYCKMAN HOUSES,646-412-0740,177 NAGLE AVENUE,NY,10034,"WED(2),SAT(4)",9:30-11:30AM
FPM,CITY HARVEST MOBILE MARKET - PRINCE HALL,646-412-0740,454 WEST 155TH STREET,NY,10032,"THU(2),SAT(4)",9:30-11:30AM
FPM,CITY HARVEST MOBILE MARKET - QUEENSBRIDGE HOUSES,646-412-0740,10-25 41ST AVENUE,QN,11101,"TUE(2),SAT(4)",9:30-11:30AM
SKM,COALITION FOR THE HOMELESS,(212) 369-9220,108 EAST 51ST STREET,NY,10022,MON-FRI,6:30-10PM
FP,COME WORLD MINISTRIES INC,646-377-0132,1034 PROSPECT AVE,BX,10459,WED,9-11AM
FP,COMMUNITY ALLIANCE INITIATIVE,718-305-4888,60-85 MYRTLE AVENUE,QN,11385,WED,10AM -12PM
FP,COMMUNITY HEALTH ACTION OF STATEN ISLAND,718-808-1840,2134 RICHMOND TERRACE,SI,10302,WED/FRI/SAT,12-4P/2-6P/10A-2P
FP,COMMUNITY IMPACT,(212) 316-7085,616 WEST 114TH STREET,NY,10025,"MON,THUR",12-2PM
FP,COMMUNITY LEAGUE OF THE HEIGHTS,212-795-4779,508 WEST 159TH STREET,NY,10032,"WED,SAT",9AM-11AM
FP,COMMUNITY SERVICES HOUSING DEVELOPMENT CORP.,646-794-5961,547 HOWARD AVE,BK,11233,THUR,10AM-12PM
SK,COMPASSION HOUSE COMMUNITY DEVELOPMENT CORPO,7A1T8IO-3N86-8151,43 GEORGE STREET,BK,11206,"TUE (1,3)",8-9:30AM
SKK,CONGREGATION B'NAI JESHURUN,(212) 787-7600,257 WEST 88TH STREET,NY,10024,THUR,12-1PM
FP,COOP CITY SDA CHURCH FOOD PANTRY,718-320-0518,1010 BAYCHESTER AVENUE,BX,10475,WED,5:30-7PM
FP,COPO FOOD PANTRY,718-434-3266,1077 CONEY ISLAND AVENUE,BK,11230,FRI,1:30-4:50PM
FP,CORNERSTONE BAPTIST FOOD PANTRY,718-574-9000,562-574 MADISON STREET,BK,11221,TUE,11AM-2PM
FP,CORNERSTONE SEVENTH DAY ADVENTIST CHURCH,(718) 483-9753,138 PENNSYLVANIA AVE,BK,11207,THUR,10AM-12PM
FP,CORONA S.D.A. CHURCH,(718) 429-7050,35-30 103RD STREET,QN,11368,MON,9-11AM
FP,CORPUS CHRISTI FOOD PANTRY,(718) 278-8114,31-30 61ST STREET,QN,11377,WED,11AM-1PM
SK,"CRESTON AVENUE BAPTIST CHURCH OF CHRIST, INC",(718) 367-1754,114 EAST 188TH STREET,BX,10468,SAT,12-2PM
FP,"CRESTON AVENUE BAPTIST CHURCH, INC",(718) 367-1754,114 EAST 188TH STREET,BX,10468,"MON,WED,FRI",12-2PM
FP,CROSSOVER BAPTIST CHURCH COMMUNITY OUTREACH H,L7P1 8C-3E2N2T-1E2R00,85-12 101ST AVENUE,QN,11416,"FRI/SUN(2ND,4TH)",9AM-12P/1-3PM
FP,CROSSROADS COMMUNITY SERVICES INC,212-378-0234,108 EAST 51ST STREET,NY,10022,THUR,11:30AM-2:30PM
FPK,CROWN HEIGHTS JEWISH COMMUNITY COUNCIL,718-771-9000,899 MONTGOMERY STREET,BK,11213,WED,1:30-3PM
FP,CUYLER WARREN U.M.C.,718-624-3300,424 DEAN STREET,BK,11217,TUE,1-2:45PM
FP,DAVIDSON COMMUNITY CENTER INC,718-731-6360,2038 DAVIDSON AVENUE,BX,10453,WED,10-11AM
FP,DELIVERANCE TEMPLE CHURCH OF JESUS CHRIST,(718) 529-1993,134-10 ROCKAWAY BLVD,QN,11420,TUE,5:30-6:30PM
FP,DEPARTMENT OF PROBATION BRONX OFFICE,718-802-4500,198 EAST 161ST STREET,BX,10451,FRI,9AM - 12PM
FP,DEPARTMENT OF PROBATION MANHATTAN OFFICE,212-851-1403,127 WEST 127TH STREET,NY,10027,MON,9AM-12PM
FP,DEPARTMENT OF PROBATION STATEN ISLAND OFFICE,718-876-7395,340 BAY STREET,SI,10301,MON,9AM-12PM
FP,DEWITT REFORMED CHURCH,(212) 674-3341,280 RIVINGTON STREET,NY,10002,"MON,THUR",10AM-12PM
FP,EAST NEW YORK WESLEYAN CHURCH/NEW HOPE FAMILY,7O1R8-S3H42IP-1 C3E05NTE,817 LIVONIA AVENUE,BK,11207,SAT,10AM - 12PM
SK,EASTCHESTER PRESBYTERIAN CHURCH,(718) 798-1855,3154 FISH AVENUE,BX,10469,THUR,5-6PM
FP,EBENEZER SEVENTH DAY ADVENTIST CHURCH,(718) 778-7900,1234 EAST NEW YORK AVENUE,BK,11212,WED,10:30AM-12PM
FP,EGLISE BAPTISTE DE LA COMMUNION FRATERNELLE,718-693-8214,2549 CHURCH AVENUE,BK,11226,SAT,12-4PM
FP,ELMCOR YOUTH & ADULT ACTIVITIES #2,(718) 651-0096,33-16 108TH STREET,QN,11368,WED,10AM-2PM
FP,ELOHIM COMMUNITY DEVELOPMENT & OUTREACH INC,(917) 418-7906,87-47 111TH STREET,QN,11418,FRI,9-11AM
FP,EMANUEL PENTECOSTAL FAITH CHURCH,(718) 842-4092,1310 ELDER AVE,BX,10472,WED,5-6PM
FP,EMMAUS SDA CHURCH,718-287-2121,1144 FLATBUSH AVENUE,BK,11226,TUE,12-3PM
FPK,ESTHER GRUNBLATT-CENRAL QUEENS Y,718-704-8160,67-09 108TH STREET,QN,11375,"M,TUE,THU/W",9AM-3PM/9AM-2PM
FP,"EVERY DAY IS A MIRACLE, INC",347-618-1162,2427 MORRIS AVENUE,BX,10468,FRI,9-11AM
SK,"FAITH CENTER FOR HUMAN SERVICES, INC",347-614-3235,1014-18 GATES AVENUE,BK,11221,SAT,9:30AM-12PM
FP,FAMILY INTEGRATION MINISTRY FOOD PANTRY,212-939-9292,1875 AMSTERDAM AVENUE,NY,10031,THUR,8-11AM
FP,FAMILY LIFE DEVELOPMENT CENTER,(718) 636-4938,1476 BEDFORD AVE,BK,11216,MON,4-6PM
FP,FAMILY SERVICE NETWORK OF N.Y. INC,718-455-6010,1420 BUSHWICK AVENUE,BK,11207,"MON,WED",9AM-1PM
FP,FATHER CREAVIN'S FOOD PANTRY,212-281-2100,276 WEST 151ST STREET,NY,10039,"TUE(2,3,4,5)",9-10AM
FP,FEEDING WITH TLC INC,(718) 447-0526,309 ST. PAULS AVENUE,SI,10304,SAT,11AM-1PM
FP,FELLOWSHIP COVENANT CHURCH,718-829-2116,720 CASTLE HILL AVENUE,BX,10473,WED,10-11:30AM
FP,FERNANDE VALME' MINISTRIES INC,(718) 284-1809,1120 FLATBUSH AVE,BK,11226,THUR,10-11AM
SK,FIRST BAPTIST CHURCH,(718) 446-0200,100-10 ASTORIA BLVD,QN,11369,WED,12-1:45PM
SK,FIRST CHURCH OF GOD IN CHRIST,(718) 712-4831,187-10 BAISLEY BLVD,QN,11412,WED,12-1:30PM
FP,"FIRST CHURCH OF GOD IN CHRIST, INC.",(718) 712-4831,187-10 BAISLEY BLVD,QN,11412,THUR,1:30-3PM
SK,FIRST PRESBYTERIAN CHURCH OF JAMAICA,(718) 526-4775,89-60 164TH STREET,QN,11432,WED,5:30-6:30PM
FP,FIRST PRESBYTERIAN CHURCH OF SPRINGFIELD GDNS,(718) 528-7744,216-02 137TH AVENUE,QN,11413,WED,11AM-1:30PM
FP,FIRST UNITED METHODIST CHURCH OF JAMAICA,(718) 739-2269,162-10 HIGHLAND AVENUE,QN,11432,MON,8:30-9:30AM
FP,FLATBUSH SDA CHURCH,718-693-9180,261 EAST 21ST STREET,BK,11226,MON,11AM-1PM
SK,FOOD BANK FOR NEW YORK CITY,212-665-8747,252 WEST 116TH STREET,NY,10026,MON-FRI,3:30-4:30PM
FP,"FOOD FIRST, INC",(718) 624-1950,165 CONOVER STREET,BK,11231,WED/FRI,11AM-1PM/10AM-12PM
FP,FOREST HILLS SENIORS CENTER,718-699-1010,108-25 62ND DRIVE,QN,11375,"TH(2,3,4,5)/W (LAST)",8:30-9:30AM/6-8PM
SK,FRATERNITE NOTRE DAME,212-876-5855,2290 FIRST AVENUE,NY,10035,"TUE,W,THUR,FRI",10:30AM-1PM
FP,"FRATERNITE NOTRE DAME, INC",212-876-5855,2290 FIRST AVENUE,NY,10035,FRI,2-4PM
FPHA,GAY MEN'S HEALTH CRISIS,212-367-1409,307 WEST 38TH STREET,NY,10018,"WED,FRI/THUR",1-4PM/11AM-2PM
SKH,GAY MEN'S HEALTH CRISIS (GMHC),212-367-1257,307 WEST 38TH STREET,NY,10018,MON-THUR/FRI,12-2:45/5-7:30PM
FP,"GENESIS TRANSITIONAL HOUSING MINISTRIES, INC",718-217-6530,195-12 HOLLIS AVENUE,QN,11412,FRI,9AM-12PM
FP,GETHSEMANE BAPTIST CHURCH,(718) 294-7129,771 FAIRMOUNT PLACE,BX,10460,THUR,8-10AM
FP,GETHSEMANE SDA CHURCH,718-467-4181,357 EMPIRE BLVD,BK,11225,SUN/WED,12-1PM/5-6PM
FP,GETHSEMANE SOUL SAVING STATION,(718) 949-8662,145-41 228TH STREET,QN,11413,WED,1-2PM
FP,GIVE THEM TO EAT,718-993-8378,800 EAST 156TH STREET,BX,10455,FRI,1:30-3:30PM
FP,GLOVER MEMORIAL BREAD OF LIFE FOOD PANTRY,347-432-3065,2134 DEAN STREET,BK,11233,THUR,9-11AM
FP,GOD'S BATTALION OF PRAYER CHURCH,(718) 774-5447,661 LINDEN BOULEVARD,BK,11203,"TUE,THUR",9AM-12PM
FP,"GOD'S DELIVERANCE TEMPLE, INC",347-234-3828,438 RALPH AVENUE,BK,11233,TUE,11AM-12PM
FP,GOOD NEWS DELIVERANCE TABERNACLE,(718) 235-0065,442 CLEVELAND STREET,BK,11208,SAT,11AM-1PM
FP,GOOD SHEPHERD FOOD PANTRY,(212) 567-1300,104 COOPER ST,NY,10034,SAT,7:30-9AM
FP,GOSPEL ASSEMBLY - QUEENS,718-454-0192,109-14 FARMERS BLVD,QN,11412,SAT,10AM -12PM
FP,GRACE EPISCOPAL CHURCH  (BX),(718) 542-1946,1909 VYSE AVE,BX,10460,THUR,9AM-12PM
SK,GRAND CENTRAL NEIGHBORHOOD SOCIAL SERVICE CORP.,(212) 883-0680,120 EAST 32ND STREET,NY,10016,MON-SUN,6:30-7:30A/12-1:30P/4-6P
FP,GRAND CONCOURSE SDA CHURCH,718-681-2232,1275 GRAND CONCOURSE,BX,10452,WED(CLOSED 5TH WE,1):30-4PM
FP,GREENPOINT REFORMED CHURCH FOOD PANTRY,718-383-5941,136 MILTON STREET,BK,11222,THUR,4-7PM
FP,GUTTMAN COMMUNITY COLLEGE CAMPUS PANTRY,646-313-8857,50 WEST 40TH STREET,NY,10018,"M,TUE,THU, F/W",8AM-5PM/9AM-5PM
FP,HANSON PLACE SEVENTH DAY ADVENTIST CHURCH,(718) 399-7513,150 SOUTH PORTLAND AVENUE,BK,11217,THUR,3-5PM
FP,HARLEM COMMUNITY NUTRITIONAL SERVICES,(212) 666-7538,132 WEST 125TH STREET,NY,10027,TUE-THUR,10-11:30AM
FP,HARVEST OF SOULS/HOLY GHOST,212-369-6354,13-15 EAST 125TH STREET,NY,10035,FRI,10AM-12PM
FP,HEALTH ESSENTIAL ASSOCIATION CPMM,646-515-6898,2336 86TH STREET,BK,11214,"THUR (1,3)",10AM-12PM
FP,HEAVENLY VISION CHRISTIAN CENTER,(718) 220-8124,2868 JEROME AVE,BX,10468,TUE,9-11AM
FP,HEBREW EDUCATIONAL SOCIETY,718-241-3000,9502 SEAVIEW AVENUE,BK,11236,"TUE,THUR/WED",10AM-1PM/4-7PM
FP,HEBRON SDA CHURCH,(718) 778-6454,1256 DEAN STREET,BK,11216,"WED(1,3)",9-10:30AM
FP,HOLDING HANDS MINISTRIES,718-238-4000,6324 7TH AVENUE,BK,11220,SAT,9AM-12:30PM
FP,HOLLIS AVENUE CONGREGATIONAL CHURCH,(718) 468-1498,211-04 HOLLIS AVE,QN,11429,TUE,11AM-1PM
FP,HOLLIS COMMUNITY CHRISTIAN CENTER,718-217-3999,191-22 JAMAICA AVENUE,QN,11423,SAT,10AM-12PM
FP,HOLLIS PRESBYTERIAN CHURCH,718-776-4646,100-50 196TH STREET,QN,11423,MON,11AM-12PM
FP,HOLY CROSS FOOD PANTRY - BROOKLYN,(718) 469-5900,2530 CHURCH AVENUE,BK,11226,"TUE,THUR",2-3:30PM
SK,HOLY GHOST PENTECOSTAL CHURCH,212-369-6354,13-15 EAST 125TH STREET,NY,10035,WED,12-1:30PM
FP,"HOLY GHOST UPPER ROOM FILLING STATION MINISTRY, IN",(718) 529-2060,146-17 133RD AVENUE,QN,11436,SAT,10-11AM
FP,HOLY INNOCENTS,718-469-9500,279 EAST 17TH STREET,BK,11226,WED,9:30-11AM
FP,HOLY NAME OF JESUS - ST. GREGORY THE GREAT,(212) 932-8040,207 WEST 96TH STREET,NY,10025,MON,11AM-2:30PM
FP,HOLY TABERNACLE CHURCH INC.,(718) 293-9862,3780 THIRD AVENUE,BX,10456,TUE,4:30-5PM
FP,"HOLY TEMPLE CHURCH, INC",347-686-0501,136-25 SPRINGFIELD BLVD,QN,11413,SAT,11AM-12PM
SK,HOPE CENTER DEVELOPMENT CORPORATION,(718) 385-1043,409 EAST 95TH STREET,BK,11212,"SAT(1,2,3,4)",11AM-1:30PM
FP,HOPE CENTER DEVELOPMENT CORPORATION,(718) 385-1043,414 EAST 95TH STREET,BK,11212,"SAT(1,2,3,4)",11AM-1:30PM
SK,HOPE CITY EMPOWERMENT CENTER,718-857-5698,650-656 WASHINGTON AVENUE,BK,11238,"TUE,THU,F/SAT",12:30-1:30PM/9-11AM
FP,HOREB SDA COMMUNITY SERVICES,718-778-7373,520 KINGSTON AVE,BK,11225,TUE,10-11AM
FP,ICNA FLUSHING FOOD PANTRY,929-329-7986,140-32 CHERRY AVENUE,QN,11355,WED,12-2PM
FP,ICNA RELIEF USA FOOD PANTRY,718-658-2028,273 NEPTUNE AVENUE,BK,11235,MON,11AM-1PM
FP,INSPIRATIONAL GOSPEL ASSEMBLY,347-758-6447,1211 BROOK AVENUE,BX,10456,SAT,11AM-1PM
FP,INTERNATIONAL PENTECOSTAL CHURCH,212-568-3531,619 WEST 179TH STREET,NY,10033,TUE,12-2PM
FP,INTERNATIONAL PENTECOSTAL CITY MISSION,(718) 342-9005,9202-14 CHURCH AVE,BK,11236,SAT,11AM-1PM
SK,IRIS HOUSE,646-548-0100,2348 ADAM CLAYTON POWELL JR. BLVD,NY,10030,"TUE,W,THUR,F",1-2PM
SK,ISAIAH'S TEMPLE OF MT. HOPE,(718) 277-4038,862 GLENMORE AVE,BK,11208,"TUE,THUR",2-4PM
FP,JAMAICA BENEVOLENT ARM & CULTURAL CENTER,646-907-9858,2230 LIGHT STREET,BX,10466,"SAT (2,4)",10AM-12PM
FP,JAMAICA HISPANIC SDA CHURCH,718-736-5291,88-28 161 STREET,QN,11432,SUN,8-9AM
FP,JAMAICA SEVENTH DAY ADVENTIST CHURCH,(718) 658-9784,88-28 163 STREET,QN,11432,SUN,9:30-11:30AM
SK,JAN HUS PRESBYTERIAN CHURCH/HOMELESS OUTREACH,N21D2 -A2D8V8-O6C74A3CY,1745 1st Avenue,NY,10128,TUE,5:45-7PM
FP,JAN HUS PRESBYTERIAN CHURCH/HOMELESS OUTREACH,N(2D1 2A) D2V88O-C67A4C3Y,1745 1st Avenue,NY,10128,"WED, FRI",9AM - 1PM
FP,JESUS IS THE ANSWER - J.I.T.A. COMMUNITY OUTREACH,718-908-6303,103-02 171ST STREET,QN,11433,"TUE, SAT",3-5PM
FPK,JEWISH COMMUNITY CENTER OF STATEN ISLAND,718-475-5242,1466 MANOR ROAD,SI,10314,M-THUR/FRI,10:30A-7/10:30A-12:30P
FPK,JEWISH COMMUNITY COUNCIL OF CANARSIE   #1,718-922-2474,1170 PENNSYLVANIA AVE,BK,11239,WED,9-11AM
FPK,JEWISH COMMUNITY COUNCIL OF PELHAM PARKWAY,(718) 792-4744,2157 HOLLAND AVE,BX,10462,"TUE,WED,THUR",12-4PM
FPK,JEWISH COMMUNITY COUNCIL OF THE ROCKAWAY PENINS,(L7A18) 327-6060,1525 CENTRAL AVE,QN,11691,"TUE,THUR",9:30AM - 1:30PM
FPK,KEHILAT SEPAHRDIM OF AHVAT ACHIM,(718) 591-9574,150-62 78TH ROAD,QN,11367,"MON,WED/SUN",10AM-2PM/10AM-4PM
FP,KING EMMANUEL MISSIONARY BAPTIST CHURCH,(718) 773-1650,207A BAINBRIDGE STREET,BK,11233,"THUR,FRI",10:30AM-12PM
FP,KINGLAWN UNITED PRESBYTERIAN CHURCH,718-241-0736,2368 RALPH AVENUE,BK,11234,"SAT(2,4)",10-11AM
FPK,KINGS BAY Y FOOD PANTRY,718-648-7703,3495 NOSTRAND AVENUE,BK,11229,MON/FRI,11AM-3PM/11AM-1PM
FP,LA JORNADA,917-880-5693,135-32 38TH AVENUE,QN,11354,SAT,1-3PM
FP,LAS MARAVILLAS DEL EXODO,(718) 235-4801,302 ELTON STREET,BK,11208,WED,11AM-12PM
FP,LEVITICUS CHURCH,(718) 322-1095,114-12 VAN WYCK EXPRESSWAY,QN,11420,WED/SAT,1-2PM/12-1PM
FP,LIGHTHOUSE OF HOPE OUTREACH AND RESOURCE CENTE,NONE,66 EAST 96TH STREET,BK,11212,SAT,10AM-1PM
FPK,LILLIAN WALD FOOD PANTRY,212-260-2731,12 AVENUE D,NY,10009,THUR,9:30-11:30AM
FP,LINDEN SDA CHURCH COMMUNITY SERVICES,718-527-4072,228-20 137TH AVENUE,QN,11413,SUN,10AM-12PM
FP,LITTLE JERUSALEM HOUSE OF PRAYER,718-922-7446,447 HERZL STREET,BK,11212,"SAT (2,4)",1-2PM
SK,LITTLE ROCK BAPTIST CHURCH INC,718-495-6772,375 BRISTOL STREET,BK,11212,"TUE,THUR",11:30AM-1PM
FP,LITTLE SISTERS OF THE ASSUMPTION FAMILY HEALTH SER,6IC46E-672-5200,333 EAST 115TH STREET,NY,10029,"TUE, WED/WED",9:30-11:30AM/1:30-3:30PM
FP,LOS REDIMIDOS EN LA SANGRE DE CRISTO,646-408-3909,609 EAST 182ND STREET,BX,10457,WED,1-2PM
SK,LOYAL BAPTIST CHURCH,(718) 328-3512,881 EAST 167TH STREET,BX,10459,THUR,11AM-3PM
FP,MACEDONIA AME CHURCH,(718) 353-5870,106-16 GUY R. BREWER BLVD,QN,11433,TUE,10-11:30AM
FP,MACEDONIA CH. ASSEMBLY OF GOD-BREAD OF LIFE FOOD,(2A1N2T) R4Y10-3412,340 EAST 106TH STREET,NY,10029,FRI,9-10:30AM
FP,MAKE THE ROAD NEW YORK,(718) 418-7690,301 GROVE STREET,BK,11237,FRI,7-10AM
FP,MAKE THE ROAD NEW YORK,718-565-8500,92-10 ROOSEVELT AVENUE,QN,11372,WED,7-10AM
FP,MAMRE ENRICHMENT PROGRAM,646-617-8775,1623 UTICA AVENUE,BK,11234,"WED(3),SUN(1ST)",10AM-12PM
SKM,"MANNA OF LIFE MINISTRIES, INC",347-577-5788,1101 BOSTON ROAD,BX,10456,SAT,11AM-1PM
SKK,MASBIA OF FLATBUSH,718-972-4446,1372 CONEY ISLAND AVE,BK,11230,SUN - THUR,4-7PM
SKK,MASBIA OF QUEENS,718-534-7321,105-47 64TH ROAD,QN,11375,MON-THUR&SUN,2-6PM
FP,MAV MARKET AT MERCY COLLEGE,718-678-8209,1200 WATERS PLACE,BX,10461,M/TH,5-7PM/11AM-5PM
FP,MCCNY CHARITIES,(212) 629-7440,446 WEST 36TH STREET,NY,10018,THUR,8:30-10AM
FPK,MESIVTHA OF STATEN ISLAND,718-356-5412,1870 DRUMGOOLE ROAD EAST,SI,10309,WED,2:30-3:30PM
FPK,METROPOLITAN COUNCIL ON JEWISH POVERTY,718-763-5318,5361 PRESTON COURT,BK,11234,TUE/THUR,1-3PM/10AM-12PM
FP,MINISTRY TOOLS INC,718-529-0005,170-20 140TH AVE,QN,11434,SAT,12-2PM
FPM,MOBILE FOOD PANTRY,646-385-0748,309 DRAKE STREET,BX,10474,TUE-FRI,10AM -12PM
FPHA,MOMENTUM PROJECT @ CHURCH OF THE GOD OF PROPH,C71Y8-292-7718,85 EAST 165TH STREET,BX,10452,WED,11AM-1PM&4-6:30PM
FPHA,MOMENTUM PROJECT @ MIDDLE COLLEGIATE CHURCH,718-292-7718,50 EAST 7TH STREET,NY,10003,MON,4-6:30PM
FPHA,MOMENTUM PROJECT @ ST. PETER'S CHURCH,718-292-7718,619 LEXINGTON AVENUE,NY,10022,TUE,4-:6:30PM
SKH,MOMENTUM PROJECT HRC - HARM REDUCTION CENTER,718-292-7718,226 EAST 144TH STREET,BX,10451,FRI,12:30-1:15PM
FP,MORE GRACE REDEMPTIVE CENTER,(718) 693-7074,11 WOODS PLACE,BK,11226,TUE,11AM-1PM
FP,MORE THAN CONQUERORS GLOBAL MINISTRIES INC,718-528-3334,153-56 ROCKAWAY BLVD,QN,11434,SAT,4-6PM
FP,MORRISANIA BAPTIST CHURCH,347-918-9934,551 EAST 169TH STREET,BX,10456,"SAT(3,4)",9-11:30AM
FP,MORRISANIA REVITALIZATION CORP INC,718-589-7858,576 EAST 165TH STREET,BX,10456,FRI,10AM-12PM
FP,MOSHOLU MONTEFIORE COMMUNITY CENTER FP,718-882-4000,3450 DEKALB AVENUE,BX,10467,"TUE(2,4),TH(2,4)",10AM-1PM&3-5PM
FP,MOUNT CARMEL WORSHIP AND OUTREACH CENTER,347-627-2226,784 EAST 46TH STREET,BK,11203,MON,12-2PM
FP,MOUNT PISGAH BAPTIST CHURCH,914-882-7383,709 EAST 228TH STREET,BX,10466,"SAT(2,3)",11AM-1PM
FP,MOUNT SINAI SDA CHURCH,718-465-1784,217-10 93RD AVENUE,QN,11428,WED,5-7PM
FP,MOVEMENT OF PENTECOSTAL CHRISTIAN CHURCH,718-253-1941,90-92 SUMMIT STREET,BK,11231,SUN,12:30-2PM
FP,MT. HEBRON CHURCH OF CHRIST,718-385-8226,167 CHESTER STREET,BK,11212,SAT,9-10:30AM
FP,MT. OLIVET BAPTIST CHURCH COMMUNITY MEAL PROGRA,(212) 864-1155,201 LENOX AVE,NY,10027,"TUE,WED",10:30-11:30AM
FP,MT. OLIVET GOSPEL CHURCH,(718) 478-0780,33-27 97TH STREET,QN,11368,WED,5:30-6:30PM
FP,NARROW DOOR I.M.C.,212-567-1052,161 SHERMAN AVENUE,NY,10034,SAT,10AM-12PM
SK,NATIONAL COUNCIL OF JEWISH WOMEN,(212) 799-7205,241 WEST 72ND STREET,NY,10023,WED/SUN,5-6PM/11:30AM-12:30PM
FP,NATIONAL SORORITY OF PHI DELTA KAPPA,718-723-1119,117-08 MERRICK BLVD,QN,11434,TUE/THUR,11AM-1PM/3:30-5:30PM
FPK,NAT'L COMM. FOR FUTH. OF JEWISH ED.(UC),(718) 735-0200,824 EASTERN PARKWAY,BK,11213,FRI,12-1PM
FP,NAZARETH HOUSING INC,212-477-7017,206 EAST 4TH STREET,NY,10009,TUE,10AM-2PM
SK,NEIGHBORS TOGETHER,(718) 498-7256,2094 FULTON STREET,BK,11233,MON-THUR/FRI,12-2PM & 4-6PM/12-2PM
FP,NEW CONVENANT COMMUNITY DEVELOPMENT CORP,718-328-6072,1175 BOSTON ROAD,BX,10456,TUE/THUR,4-6PM/10AM-1PM
FP,NEW LIFE SDA CHURCH,718-385-0463,885-87 THOMAS BOYLAND STREET,BK,11212,SUN/MON/TUE,8-10AM/5-7PM/6-8PM
FP,NEW ST. JOHN BAPTIST CHURCH,(718) 220-4148,2409 LORILLARD PLACE,BX,10458,FRI,8-10AM
SK,NEW YORK CITY LOVE KITCHEN INC,(212) 942-4204,3816 9TH AVE,NY,10034,MON-FRI,4:30-6:30PM
FP,NEW YORK COMMON PANTRY,917-720-9700,8 EAST 109TH STREET,NY,10029,WED-SAT,10AM-2:30PM
FP,NEW YORK COMMON PANTRY - BRONX,917-423-2701,1290 HOE AVENUE,BX,10459,"TH,F,SAT",10AM-2:30PM
FP,NEW YORK SCHOOL OF URBAN MINISTRY,(718) 204-6471,31-65 46TH STREET,QN,11103,FRI,10AM-12PM
FP,NEWMAN MEMORIAL UNITED METHODIST CHURCH COMMU,(I7T1Y8 )D 6E2V2E-7L9O5P5M,257 Macon St,BK,11216,TUE,10AM-2PM
FP,NORTHEAST BROOKLYN HOUSING DEVELOPMENT CORPO,A7T18IO-4N53-9490,376 THROOP AVENUE,BK,11221,"TUE,THUR",10AM-12PM
FP,NORTHEAST CONFERENCE COMMUNITY CENTER SDA,347-527-2444,99-13 NORTHERN BLVD,QN,11368,TUE/WED(SR ONLY),12-1PM
FP,ONE WAY CHURCH OF CHRIST,(718) 525-4260,216-11 MERRICK BLVD.,QN,11413,SAT,11AM-1PM
FPK,ONEG SHABBOS,(718) 686-8174,1601 41ST STREET,BK,11218,THUR,6-9PM
FP,OPEN DOOR TO HEAVEN OUTREACH MINISTRY INC,347-822-0714,474 SHEPHERD AVENUE,BK,11208,"SAT (1,3)",12:30-1:30PM
SK,OPIN (OTHER PEOPLE IN NEED),(718) 498-8845,1768 ST. JOHNS PLACE,BK,11233,WED,7-9PM
FP,OUR LADY OF ANGELS HUMAN SERVICES,(718) 680-6344,336 73RD STREET,BK,11209,WED,10AM-12PM&1:30-2:30PM
FP,OUR LADY OF GOOD COUNSEL CHURCH (STATEN ISLAND),718-447-1503,42 AUSTIN PLACE,SI,10304,SAT,10-11AM
FP,OUR LADY OF GRACE MINISTRY,718-845-6635,158-10 101ST ST,QN,11414,"TUE,THUR",10AM-1PM
FP,OUR LADY OF GRACE PARISH MINISTRY,718-645-2120,2322 EAST 4TH STREET,BK,11223,MON-FRI,9-11:30AM
FP,OUR LADY OF MERCY CHURCH,(718) 346-3166,680 MOTHER GASTON BLVD.,BK,11212,"MON,FRI",9-11AM
FP,OUR LADY OF MIRACLES-CANARSIE CLUSTER CENTER,718-257-2400,757 EAST 86TH STREET,BK,11236,SAT,10-11:30AM
FP,OUR LADY OF REFUGE,(718) 367-4690,290 EAST 196TH STREET,BX,10458,WED,9-10AM
FP,OUR LADY OF REFUGE R.C. CHURCH,(718) 434-2090,2020 FOSTER AVE.,BK,11210,WED,10AM - 1PM
FP,OUR LADY OF SORROWS,(212) 673-0900,213 STANTON STREET,NY,10002,"TUE,THUR",9:30-10:30AM
SK,"PARK SLOPE CHRISTIAN HELP, INC",(718) 237-2962,200 4TH AVENUE,BK,11217,MON-THUR/SAT,11:30AM-1PM/11:30AM-2PM
FP,PART OF THE SOLUTION,(718) 220-4892,2759 WEBSTER AVENUE,BX,10458,MON-SAT,9AM-12PM
SK,PART OF THE SOLUTION (P.O.T.S.),(718) 220-4892,2759 WEBSTER AVENUE,BX,10458,MON-SUN,12:30-3:30PM
SK,PATHHSEO INC,718-842-2484,1288 REV. JAMES A. POLITE Ave,BX,10459,SAT,12-2PM
FP,PENIEL HAITIAN CHURCH OF C AND MA,718-469-3685,2741 ALBEMARLE ROAD,BK,11226,SAT/SAT(2ND),10AM-12PM/1-3PM
FP,PENIEL SDA CHURCH,347-933-7760,1210 UTICA AVENUE,BK,11203,FRI,10AM-12PM
FP,POMONOK FOOD PANTRY,718-591-6060,67-09 KISSENA BLVD,QN,11367,THUR,12-1PM
FP,"POWER PRAISE AND DELIVERANCE, INC",347-409-0288,120 EAST 184TH STREET,BX,10468,FRI,12-4PM
FP,PRESBYTERIAN CHURCH OF THE CROSSROADS,718-235-9843,133 ELTON STREET,BK,11208,"WED (1,2,3,4)",9-10AM
FP,PRODIGAL CENTER,718-644-8523,709 TIFFANY STREET,BX,10474,"TUE,THUR",11AM-3PM
FP,PROJECT CREATE - ANTHONY HOUSE,212-663-1975,73 LENOX AVE,NY,10026,WED,9AM-12PM
FP,"PROJECT HOSPITALITY, INC.",(718) 815-0800,514 BAY STREET,SI,10304,"TUE, THUR",9-11AM&1-3PM/9-11AM
FP,QUEENSBORO TEMPLE SDA CHURCH,718-776-8538,96-50 222ND STREET,QN,11429,WED(2ND&4TH),3-6PM
FP,RAUSCHENBUSCH METRO MINISTRIES INC.,(212) 594-4464,410 WEST 40TH STREET,NY,10018,"SAT(1,2,3,4)",11-11:30AM
FP,REACHING-OUT COMMUNITY SERVICES INC,(718) 373-4565,7708 NEW UTRECHT AVE,BK,11214,MON-FRI,10AM-5PM
FP,REDEEMED CHRISTIAN CHURCH OF GOD,718-293-8996,1001-1005 MORRIS AVENUE,BX,10456,TUE,4-6PM
FP,REDEEMED CHRISTIAN CHURCH OF GOD INTERNATIONAL,H34A7P-E95L5-4403,781 EAST 93RD STREET,BK,11236,SAT,1-3PM
FP,"RESCUE MINISTRY\MINISTERIO RESCATE, INC.",718-448-4454,2083 RICHMOND TERRACE,SI,10302,TUE,11:30AM-1PM
FP,RESURRECTION AND LIFE PENTECOSTAL CHURCH,718-617-2399,870 EAST 163RD STREET,BX,10459,TUE/SAT/SUN,12-1PM/10A-2P/1-2PM
FP,RHOW BROOKLYN INC,(718) 875-1858,360 SCHERMERHORN STREET,BK,11217,"SAT (2,3,4)",9-10:30AM
FP,"RIDGEWOOD OLDER ADULT CENTER & SERVICES, INC",(718) 456-2000,59-14 70TH AVE,QN,11385,"TUE(SR ONLY),WED,T",U1R0:30AM-12:30PM
FP,RUSH TEMPLE A.M.E. CHURCH,(718) 529-5719,119-48 SUTPHIN BOULEVARD,QN,11434,TUE,9-10AM
SK,RUSH TEMPLE A.M.E. ZION CHURCH,(718) 529-5719,119-48 SUTPHIN BOULEVARD,QN,11434,WED,12-1:30PM
FP,SALEM UNITED METHODIST CHURCH,212-678-2700,2190 ADAM CLAYTON POWELL JR. BLVD,NY,10027,FRI,11AM-1PM
SK,SALEM UNITED METHODIST CHURCH,212-678-2700,2190 ADAM CLAYTON POWELL JR BLVD,NY,10027,WED,12:30-3PM
FP,SALT & SEA MISSION CHURCH INC.,718-473-7979,2417-2419 STILLWELL AVE,BK,11223,"TUE, THUR",12-2PM
FP,"SANCTIFIED CHURCH OF GOD, INC/COMMUNITY FEEDING P",7O1G8-R49A3M-2385,404 LEFFERTS AVE,BK,11225,SAT,12-1PM
FP,SECOND CHANCE AGAPE WORSHIP CENTER,917-416-3697,200-12 HOLLIS AVENUE,QN,11412,THUR,12-2PM
FP,"SECOND ST. PAUL CHURCH OF CHRIST, DISCIPLE OF CHRI","T7,1 I8N-2C35-8922",1048 SUTTER AVE,BK,11208,"SAT(2,4)",8-10AM
FPK,SEPHARDIC BIKUR HOLIM FOOD PANTRY,718-787-1100,425 KINGS HIGHWAY,BK,11223,"M,TU,W,TH/FRI/TU,TH",9A-12:30P/9-11A/2-3:30P
FPK,SHALOM SENIOR CENTER,(718) 774-9213,483 ALBANY AVE,BK,11203,MON-THUR/FRI,2-3PM/1-2PM
FP,SHILOH SDA,(718) 771-4103,449 EASTERN PARKWAY,BK,11216,THUR,9:30-11:30AM
FP,SHILOH TEMPLE PENTECOSTAL CHURCH,718-882-8909,719 EAST 223RD STREET,BX,10466,TUE,9AM-1PM
FPK,SHOREFRONT JEWISH COMMUNITY COUNCIL,718-743-0575,3014 BRIGHTON 6TH STREET,BK,11235,THUR,9AM-5PM
FP,SILOAM PRESBYTERIAN CHURCH FOOD PANTRY,(718) 789-7050,260 JEFFERSON AVENUE,BK,11216,WED,10AM-12PM
FP,SKYLIGHT CENTER,718-720-2585,307 ST. MARKS PLACE,SI,10301,TUE,2-3PM
FP,SOLID ROCK BAPTIST CHURCH,(718) 384-8764,120 TOMPKINS AVE,BK,11206,"MON,THUR",9AM-12PM
FP,SOLID ROCK SDA CHURCH,(718) 474-9306,5205 ROCKAWAY BEACH BLVD,QN,11691,WED,10-11AM
FP,SOUTH ASIAN COUNCIL FOR SOCIAL SERVICES,718-321-7929,143-06 45TH AVENUE,QN,11355,FRI,11AM-4PM
FP,SOUTH BKLYN SDA CHURCH COMMUNITY SERVICE PROGR,(M718) 783-1662,42 PROSPECT PLACE,BK,11217,"SUN(1,3)",11AM-2PM
FP,SOUTH OZONE PARK SEVENTH DAY ADVENTIST CHURCH,718-322-9210,120-12 140TH STREET,QN,11436,"FRI(4TH), SUN (2ND)",12-2PM
SK,SOUTHERN BAPTIST CHURCH,(212) 663-6549,12 WEST 108TH STREET,NY,10025,WED,12-1:30PM
FP,"SOUTHSIDE UNITED H.D.F.C., INC - LOS SURES",718-599-1940,145 SOUTH 3RD STREET,BK,11211,TUE/WED,9AM-12PM/4-6PM
FP,SPANISH SDA CHURCH FOOD PANTRY,718-991-7362,1038 PROSPECT AVENUE,BX,10459,THUR,8:30-11:30AM
FP,SPANISH SOUNDVIEW SDA CHURCH,718-842-7373,1822 LACOMBE AVENUE,BX,10473,WED(2 & LAST),8AM-12:30PM
FP,ST. ANN'S CHURCH OF MORRISANIA,(718) 585-5632,295 ST. ANN'S AVENUE,BX,10454,"WED,FRI",10:30AM-2PM
SK,ST. ANTHONY'S CHURCH,(718) 931-4040,1750 MANSION STREET,BX,10460,SAT,11AM-2PM
FP,ST. AUGUSTINE FOOD PANTRY,718-213-4458,1168 FRANKLIN AVENUE,BX,10456,MON,10:30AM-1:30PM
FP,ST. AUGUSTINE'S AMERICAN CATHOLIC CHURCH,(718) 773-1338,298 SCHENECTADY AVENUE,BK,11213,FRI,1-3PM
FP,ST. AUGUSTINE'S CHURCH,(718) 783-3132,116 6TH AVENUE,BK,11217,SAT,10AM-12PM
FP,ST. BRENDAN & ST. ANN PARISH,718-547-6655,268 EAST 207TH STREET,BX,10467,SAT (2ND),8-9AM
FP,ST. CECILIA'S PARISH SERVICES,(212) 348-0488,125 EAST 105TH STREET,NY,10029,WED,9:30-11AM
FP,ST. CHARLES BORROMEO CHURCH,(212) 281-2100,211 WEST 141ST STREET,NY,10030,SAT,8:30-10AM
FP,ST. EDMUNDS YOUTH PROGRAM INC,(718) 466-9370,1905 MORRIS AVENUE,BX,10453,THUR,12-2PM
FP,ST. EDWARD FOOD PANTRY,(718) 984-1625,6581 HYLAN BOULEVARD,SI,10309,"MON,WED,SAT",10AM-1PM
SK,ST. IGNATIUS EPISCOPAL CHURCH,(212) 580-3326,552 WEST END AVE,NY,10024,MON/SAT,6:45-7:15PM/3:45-4:15PM
FP,ST. JOHN'S BREAD & LIFE FOOD PANTRY,(718) 574-0058,795 LEXINGTON AVE,BK,11221,M-THU/FRI(SR.ONLY),9-10:30AM
SK,ST. JOHN'S BREAD & LIFE PROGRAM,(718) 574-0058,795 LEXINGTON AVE,BK,11221,MON-FRI,8-9:3AM&10:3AM-12:3PM
FP,ST. JOHN'S BREAD OF LIFE,(212) 564-9070,213 WEST 30TH STREET,NY,10001,WED,12:15-2:30PM
FP,ST. JOSEPH OF THE HOLY FAMILY FOOD PANTRY,212-662-9125,405 WEST 125TH STREET,NY,10027,SAT,8AM-12PM
FP,ST. LUKE BAPTIST CHURCH FOOD PANTRY,718-276-7066,133-28 232ND STREET,QN,11413,WED,12-1PM
FP,ST. LUKES FOOD PANTRY,(718) 665-6677,623 EAST 138TH STREET,BX,10454,FRI,10AM-12PM
SK,ST. LUKE'S SENIOR COMMUNITY PROGRAM,(718) 882-3060,777 EAST 222ND STREET,BX,10467,MON-FRI,12-1PM
FP,ST. MARGARET MARY CHURCH,(718) 721-9020,9-18 27TH AVENUE,QN,11102,"TUE, THUR, FRI",11AM-12PM
FP,ST. MARK AME CHURCH/THE VOICE OF HAGAR,718-205-0506,95-18 NORTHERN BLVD,QN,11372,"TUE (1,2,3,4)",12-2:45PM
FP,ST. MARK THE EVANGELIST CHURCH,(212) 281-4931,65 WEST 138TH STREET,NY,10037,"SAT(1,2,3,4)",10AM-12PM
SK,ST. MARK'S CHURCH OF CHRIST,718-467-3719,439 RALPH AVE,BK,11233,"MON,WED,FRI",12-1PM
FP,ST. MARY STAR OF THE SEA,(718) 327-1133,19-20 NEW HAVEN AVENUE,QN,11691,"TUE,FRI",1-2:30PM
FP,ST. MARY'S EPISCOPAL CHURCH FOOD PANTRY,212-222-3043,521 WEST 126TH STREET,NY,10027,MON,4-6PM
FP,ST. MATTHEW'S ROMAN CATHOLIC CHURCH,(718) 774-6747,1342 LINCOLN PLACE,BK,11213,"TUE (1,2,3,4)",9AM-12PM
SK,ST. MICHAEL'S CHURCH,212-222-2700,225 WEST 99TH STREET,NY,10025,SAT,10-11:45AM
FP,ST. NICHOLAS OF TOLENTINE CHURCH- F.P.,(718) 969-3226,150-75 GOETHALS AVENUE,QN,11432,THUR,9AM-12PM
FP,ST. PAUL PENTECOSTAL CHURCH,917-604-9644,133 THOMAS S BOYLAND STREET,BK,11233,SAT,11AM - 1PM
FP,ST. PAUL'S HOUSE INC.,(212) 265-5433,335 WEST 51ST STREET,NY,10019,TUE,10-11AM
FP,ST. PAUL'S LUTHERAN CHURCH,(718) 822-4535,1891 McGRAW AVENUE,BX,10462,FRI,8-10AM
FP,ST. PETER'S FOOD PANTRY,(212) 929-2390,346 WEST 20TH ST,NY,10011,SAT,11AM-12:30PM
FP,ST. PETER'S LOVE PANTRY,718-931-9270,2500 WESTCHESTER AVENUE,BX,10461,"TUE (1,3)",10AM-12PM
FP,ST. PHILIP'S CHRISTIAN CHURCH,(718) 453-0691,765 LAFAYETTE AVE,BK,11221,THUR,12-2PM
FP,ST. PHILIP'S EPISCOPAL/ST. BENEDICT'S PANTRY,(718) 778-8700,265 DECATUR STREET,BK,11233,WED,11AM-1PM
FP,ST. RAPHAEL CHURCH FOOD PANTRY,(718) 729-8957,35-20 GREENPOINT AVE,QN,11101,THUR/SAT,10:3A-12P/1:3-3P
FP,ST. STEPHEN OUTREACH COMMUNITY DEVELOPMENT COR,7O1R8-A9T3I8O-4N532,874 MYRTLE AVENUE,BK,11206,"WED,FRI",9-10:30AM
FP,ST. TERESA OF AVILA,718-622-8728,560 STERLING PLACE,BK,11238,"THUR (1,2,3,4)",8-11AM
FP,ST. TERESA OF AVILA COMMUNITY SERVICES,718-529-3587,129-04 109TH AVENUE,QN,11420,"MON,THUR",9-11AM
FP,ST. THERESE OF LISIEUX R.C. CHURCH,718-451-0683,4410 AVENUE D,BK,11203,TUE,10:30AM-12:30PM
SK,STAPLETON U.A.M.E. CHURCH,(718) 273-2857,49 TOMPKINS AVENUE,SI,10304,MON/WED,3-4PM/12-1PM
FP,STAPLETON U.A.M.E. CHURCH,(718) 273-2857,49 TOMPKINS AVE,SI,10304,"TUE,FRI",10AM-1PM
FP,STATEN ISLAND SDA CHURCH,(718) 442-4806,80 UNION AVE,SI,10303,SUN,10AM-2PM
FP,TABERNACLE OF PRAYER,(718) 657-4210,90-07 MERRICK BLVD,QN,11432,FRI,10-11:30AM
FP,TAURUS ASSOCIATES INC.,718-526-2177,240-08 135TH AVENUE,QN,11422,WED,3-5PM
SK,TEMPLE SHAARAY TEFILA,(212) 535-8008,250 EAST 79TH STREET,NY,10075,WED,12-1PM
FP,THE CAMPAIGN AGAINST HUNGER,718-773-3551,2004 FULTON STREET,BK,11233,MON/TUE-FRI,10AM-3PM/10AM-6PM
FP,THE CHURCH OF ST. MARK,(718) 756-6607,1417 UNION STREET,BK,11213,"MON(1,2,3,4)",5-7:30PM
FPH,THE COMMUNITY FOOD PANTRY,718-960-2262,1363 OGDEN AVE,BX,10452,TUE/THUR/1ST SAT,10AM-12PM/1-3PM/10AM-12PM
FP,THE FLOW KINGDOM MINISTRIES,347-431-4326,901 EAST TREMONT AVENUE,BX,10469,MON,5-7PM
FP,THE GRACE OF GOD MINISTRIES-CHURCH INC,347-697-7843,963 EAST 233RD STREET,BX,10466,SAT,9-10AM
FP,"THE HARDING FORD VISION, INC",718-291-9281,157-22 TUSKEGEE AIRMEN WAY,QN,11433,WED/SAT,10AM-12PM/2-4PM
FP,THE SALVATION ARMY ASTORIA CORPS,(718) 721-9046,45-18 BROADWAY,QN,11103,"WED (2,4)",9:30-11:30AM
FP,THE SALVATION ARMY BEDFORD TEMPLE CORPS,(718) 622-9020,601 LAFAYETTE AVENUE,BK,11216,WED,10AM-12PM
FP,THE SALVATION ARMY BRONX CITADEL,(718) 665-8472,425 EAST 159TH STREET,BX,10451,"TUE(1,2,3,4)",10AM-12:30PM
SK,THE SALVATION ARMY BUSHWICK CORPS,(718) 455-4102,1151 BUSHWICK AVENUE,BK,11221,"M,TU,TH,FRI",12:30-2PM
FP,THE SALVATION ARMY JAMAICA CITADEL CORPS,(718) 297-4860,90-23 161ST STREET,QN,11432,THUR,10-11AM
FP,THE SALVATION ARMY MANHATTAN CITADEL,(212) 860-3200,175 EAST 125TH STREET,NY,10035,MON-FRI,9AM-3PM
FP,THE SALVATION ARMY QUEENS TEMPLE CORP,(718) 335-3693,86-07 35TH AVENUE,QN,11372,WED,10-11:30AM
FP,THE SALVATION ARMY STAPLETON CORPS,(718) 448-8480,15 BROAD STREET,SI,10304,TUE-THUR,12:30-2:30PM
FP,THE SALVATION ARMY SUNSET PARK CORPS,(718) 438-1771,520 50TH STREET,BK,11220,TUE,10AM-12PM
SK,THE SALVATION ARMY TEMPLE CORP.,(718) 335-3693,86-07 35TH AVENUE,QN,11372,MON-FRI,12-1PM
FP,THE TABLE AT THE FAMILY SUPPORT CENTER AT NYU LAN,7O1N8E-630-7171,6025 6TH AVENUE,BK,11220,FRI,10AM-2PM
FP,THESSALONIA BAPTIST CHURCH,(718) 542-0828,951 REV. JAMES POLITE AVE,BX,10459,TUE,10:30-11:30AM
FP,THORPE FAMILY RESIDENCE,718-295-2550,406 EAST 184TH STREET,BX,10458,WED,8:30-9:30AM
SK,THURSTON MEMORIAL OUTREACH MINISTRIES,(718) 452-3646,1243 BUSHWICK AVENUE,BK,11221,FRI,5-7:30PM
FP,THURSTON MEMORIAL OUTREACH MINISTRIES,(718) 452-3646,1243 BUSHWICK AVE,BK,11221,FRI,5-7:30PM
FPK,TOMCHE SHABBOS OF BORO PARK,(718) 259-5576,6225 NEW UTRECHT AVE,BK,11219,THUR,3-5PM
FP,TRINITY HUMAN SERVICE CORPORATION,(718) 388-3176,153 A JOHNSON AVENUE,BK,11206,TUE-FRI,9AM-12PM&1-4PM
FP,"TRINITY'S SERVICES AND FOOD FOR THE HOMELESS, INC.",(212) 228-5254,602 EAST 9TH STREET,NY,10009,MON-THUR,12:30-1:30PM
FP,TRIUMPHANT FULL GOSPEL ASSEMBLY,718-774-4696,889 RUTLAND ROAD,BK,11203,THUR,4-6PM
FP,TRUE HOLY CHURCH OF GOD IN CHRIST JESUS,(718) 385-0248,2364 ATLANTIC AVENUE,BK,11233,SAT,10AM-12PM
FPK,UJC OF THE EAST SIDE,212-475-3857,15 WILLETT STREET,NY,10002,FRI,9:30-11:30AM
FP,UNION BAPTIST CHURCH,(718) 452-7248,461 DECATUR STREET,BK,11233,WED,12-2PM
FP,UNION GROVE BAPTIST CHURCH,718-328-1444,1488 HOE AVENUE,BX,10460,WED,9-11AM
SKM,"UNITED BRONX PARENTS, INC.",(718) 991-7100,603 PROSPECT AVENUE,BX,10455,MON-FRI,2:30-4PM
FP,"UNITED CHURCH OF PRAISE INTERNATIONAL MINISTRIES, I",7C18-314-8779,32 SANDS STREET,SI,10304,"FRI,SUN",1-3PM
SK,UNITED COMMUNITY BAPTIST CHURCH,347-446-6254,545 UTICA AVE,BK,11203,SAT,10AM-12PM
SK,"UNIVERSITY COMMUNITY SOCIAL SERVICES, INC",347-850-2230,137 EAST 2ND STREET,NY,10009,SAT,8AM-12PM&1-2:30PM
FP,URBAN STRATEGIES INC,(718) 346-2539,61-71 RIVERDALE AVENUE,BK,11212,TUE,8-10AM
FP,V.E.T.S. INC,718-206-2376,111-16 173RD STREET,QN,11433,FRI,10AM-12PM
FP,"VETS INC, HOLLIS GARDENS",646-261-1973,202-14 HOLLIS AVENUE,QN,11429,THUR,3-5PM
FP,VFW #5298,516-582-5426,143-17 SPRINGFIELD BLVD,QN,11413,WED,5-7PM
FP,VINEYARD INTERNATIONAL CHRISTIAN MINISTRIES,718-538-9211,1140 TELLER AVE,BX,10456,SAT,10AM-12PM
FP,VISION URBANA,646-626-9748,66 ESSEX STREET,NY,10002,"MON,TUE",10AM-12PM
FP,"WAY OUT CHURCH MINISTRIES, INC",718-665-8069,520 EAST 148TH STREET,BX,10455,"TUE,THUR",8-10AM
FP,WEST HARLEM GROUP ASSISTANCE,212-690-7900,625 LENOX AVE,NY,10031,WED/THUR,10AM-12PM&1:30-3PM/10AM-12
FP,WHEDCO - FOOD PANTRY,718-839-1100,50 EAST 168TH STREET,BX,10452,WED,9:30-10:30AM
FP,WHOSOEVER WILL BAPTIST CHURCH,347-528-0013,1651 POPHAM AVENUE,BX,10453,"SAT(1,2,3,4)",9-11AM
SK,WOODYCREST UNITED METHODIST CHURCH,718-538-7500,89 WEST 166TH STREET,BX,10452,WED,12-2PM
FP,WORD OF LIFE CHRISTIAN FELLOWSHIP,718-861-5678,830 UNION AVENUE,BX,10459,THUR(SR)/ SAT,11AM-4PM/10AM-4PM
FP,WORLDWIDE MISSIONARY MOVEMENT/CENTRO EVANGELI,"T21IC2O-5 6M7M-5M62, 0INC",148 POST AVE,NY,10034,SAT,9AM-1PM
SK,XAVIER MISSION INC,(212) 627-2100,55 WEST 15TH STREET,NY,10011,SUN,12:30-3PM
FPK,ZICHRON ACHEINU LEVY-MENACHEM TZION,347-742-0552,928 44TH STREET,BK,11219,FRI,11:30AM-12:30PM
FPHA,AIDS CENTER OF QUEENS COUNTY,(718) 896-2500,161-21 JAMAICA AVE,QN,11432,"TUE,THUR",8:30-11AM
FPHA,AIDS CENTER OF QUEENS COUNTY,718-472-9400,62-07 WOODSIDE AVENUE,QN,11377,"TUE, THUR",10AM-12PM
FPHA,AIDS CENTER OF QUEENS COUNTY (ACQC),(718) 868-8645,1600 CENTRAL AVENUE,QN,11691,"WED,FRI",10AM-12PM
FP,BETH HARK CHRISTIAN COUNSELING CENTER,(212) 860-1523,1832 MADISON AVE,NY,10035,TUE/THUR,1-3:30PM/3:30-6PM
FP,BETHANY PANTRY,917-533-1679,48-08 91ST PLACE,QN,11373,SAT (3RD),9-10AM
FP,BLACK FORUM OF CO-OP CITY,(718) 320-8035,920 BAYCHESTER AVE,BX,10475,"TUE, THUR,FRI",11AM-12:45PM
FP,BMCC PANTHER PANTRY,212-220-8195,199 CHAMBERS STREET,NY,10007,"M,TU,W,F/THUR",9AM-5PM/9AM-6PM
FP,BVM/ST. MARY'S CHURCH WINFIELD,718-672-4848,70-31 48TH AVE,QN,11377,THUR,9:30AM-12PM
FP,CALVARY'S MISSION,(718) 849-0311,102-16 89TH AVENUE,QN,11418,SAT,9-10AM
SK,CATHEDRAL OF ST. JOHN THE DIVINE,(212) 316-7583,1047 AMSTERDAM AVENUE,NY,10025,SUN,10AM-2:30PM
FP,CENTER OF HOPE INTERNATIONAL,(718) 784-4673,38-49 12TH STREET,QN,11101,"TUE, THUR/WED",12-3PM/11AM-2PM
FP,CHANCE FOR CHILDREN,347-616-3228,11 McKEEVER PLACE,BK,11225,FRI,10AM-12:30PM
SK,CHRIST CHURCH UNITED METHODIST,(212) 838-3036,524 PARK AVENUE,NY,10065,SUN,4:30-6PM
FP,CONVENT AVENUE BAPTIST CHURCH,646-698-5102,425 WEST 144TH STREET,NY,10031,"MON,THUR",9AM-12PM
FP,DEPARTMENT OF PROBATION BROOKLYN OFFICE,718-488-3640,345 ADAMS STREET,BK,11201,FRI,9AM - 12PM
FP,DEPARTMENT OF PROBATION QUEENS OFFICE,718-657-2544,162-24 JAMAICA AVENUE,QN,11432,FRI,9AM - 12PM
FP,DIVINE FOOD PANTRY,516-415-1192,215-31 99TH AVENUE,QN,11429,FRI/SAT,6-8PM/1:30-3PM
FP,E JOY COMMUNITY RESOURCE CENTER,718-482-5129,29-10 THOMSON AVENUE,QN,11101,"M,THUR/TUE,W,F",9AM-7PM/9AM-5PM
FP,EVANGEL FOOD PANTRY,718-361-5454,39-21 CRESENT STREET,QN,11101,"SAT (1,2,3,4)",9-11AM
FP,EVANGELICAL CHURCH CHRIST IS THE LIGHT,718-592-2701,89-16 48TH AVENUE,QN,11373,FRI,9-11AM
FP,FIRST PRESBYTERIAN RUSSELL SAGE MEMORIAL CHURCH,(7F1 F8)A 3R2 R7-O2C44K0A,8A9Y6 CENTRAL AVENUE,QN,11691,SAT,9:30-10:30AM
FP,HARLEM DOWLING WEST SIDE CENTER/SPECIALIZED SERV,2C1E2S-749-3656,2139 ADAM CLAYTON POWELL JR. BLVD,NTY,10027,"TUE/FRI(2,3,4,5)",12-2PM
FP,HEALTH ESSENTIAL ASSOCIATION INC,646-515-6898,2101 EAST 16TH STREET,BK,11229,FRI,10AM-12PM
SK,HOLY APOSTLES SOUP KITCHEN,(212) 924-0167,296 NINTH AVENUE,NY,10001,MON-FRI,10:30AM-12:30PM
FP,HOUR CHILDREN COMMUNITY OUTREACH,718-482-8226,36-49 11TH STREET,QN,11106,MON/TUE/THUR,2-4PM/10:3A-12:3P/3-5PM
FP,IGLESIA ALIANZA MISIONERA EBENEZER,(718) 729-1944,43-02 38TH STREET,QN,11101,SAT,11AM-1PM
FP,J.U.S.T.I.C.E. ORGANIZATION/JESUS IS JUSTICE MISSION IN,7.18-772-7951,223 BEACH 28TH STREET,QN,11691,WED,12-2PM
FPK,JEWISH COMMUNITY COUNCIL OF WASHINGTON HGTS,(212) 568-5450,121 BENNETT AVENUE,NY,10033,"TUE,WED,THUR",11AM-1PM
FPK,JEWISH INSTITUTE OF QUEENS,718-426-9369,60-05 WOODHAVEN BLVD,QN,11373,FRI,10:30AM-12PM
FP,KINGSBOROUGH COMMUNITY COLLEGE,718-368-4660,2001 ORIENTAL BLVD,BK,11235,MON-FRI,10AM-4PM
FP,LOST SHEEP CHRISTIAN CHURCH/FEED MY SHEEP COMMU,3I4T7Y- 2P3A5N-3T7R2Y3,1104 ELDER AVENUE,BX,10472,SAT,1:30 - 4:30PM
FP,MEDGAR EVERS COLLEGE COUGAR COUNTRY FOOD PANT,7Y18-804-8269,1637 BEDFORD AVENUE,BK,11225,"TUE/W,SAT",5-7/10AM-2PM
FP,MORRIS BROWN HELPING HAND FOOD PROGRAM,(718) 322-7596,145-03 ROCKAWAY BLVD,QN,11436,WED,10AM-12PM
FP,"NEW ALTERNATIVE FOR CHILDREN, INC",212-994-7919,37 WEST 26TH STREET,NY,10010,"MON, TUE",2-5PM
FP,NEW LIFE COMMUNITY DEVELOPMENT CORPORATION,(718) 424-0122,82-10 QUEENS BLVD,QN,11373,TUE/SAT,6-8PM/10AM-12PM
FPK,PROJECT L.E.A.D.,718-495-6210,85-12 126TH STREET,QN,11415,SUN,7:30-9:30AM
FP,RIVER FUND,(718) 441-1125,89-11 LEFFERTS BLVD,QN,11418,SAT,8-11AM
FP,RIVERSIDE CHURCH FOOD PANTRY,212-870-6760,91 CLAREMONT AVE,NY,10027,TUE-FRI,9AM-1PM
FP,SAINT TERESA CHURCH - SAINT VINCENT DePAUL SOCIETY,(718) 784-2123,50-20 45TH STREET,QN,11377,TUE,5:30-6:30PM
FPK,SHOREFRONT JEWISH COMMUNITY COUNCIL,(718) 743-0575,128 BRIGHTON BEACH AVE,BK,11235,MON-THUR/FRI,9AM-5PM/9AM-2PM
SK,ST. JOSEPHS SOUP KITCHEN INCORPORATED,(212) 741-1274,371 6TH AVE,NY,10014,SAT,1:30PM-3PM
FP,ST. PATRICK'S ROMAN CATHOLIC CHURCH,718-729-6060,39-38 29TH STREET,QN,11101,SAT (3RD),10AM-12PM
SK,ST. PETER'S CHURCH BREAKFAST PROGRAM,(212) 935-2200,619 LEXINGTON AVE,NY,10022,TUE,7:15-8AM
FP,THE LEGACY CENTER COMMUNITY DEVELOPMENT CORP,718-456-4852,71-02 CYPRESS HILL STREET,QN,11385,FRI,10AM-1PM
FP,THE SALVATION ARMY NEW YORK TEMPLE CORPS,212-337-7467,132 WEST 14TH STREET,NY,10011,MON-FRI,9:30-11AM & 1:30-3PM
FP,TOLENTINE ZEISER COMMUNITY LIFE,(718) 220-2824,2345 UNIVERSITY AVE,BX,10468,WED,9AM-12:30PM
FP,TRANSFIGURATION CHURCH,718-782-8181,280 MARCY AVENUE,BK,11211,MON-THUR,9AM-12PM
SK,UNITED METHODIST CENTER IN FAR ROCKAWAY,(718) 327-5071,1032 BEACH 19TH STREET,QN,11691,MON-FRI,1-2PM & 5-9PM
FP,UPPER MANHATTAN MENTAL HEALTH CENTER,(212) 694-9200,1727 AMSTERDAM AVE,NY,10031,"TUE,WED,THUR",1:30-3:30PM
FP,WESTSIDE CAMPAIGN AGAINST HUNGER,(212) 362-3662,263 W. 86th St,NY,10024,MON/WED-FRI,8A-12P&1-6P/8A-12P&1-3P